Source;Source top level component;Target;Target top level component;Dependency type
REMAINDER::CodeComponent;REMAINDER;appveyor.yml;REMAINDER;CONTAINS
REMAINDER::CodeComponent;REMAINDER;include/rapidjson/allocators.h;REMAINDER;CONTAINS
REMAINDER::CodeComponent;REMAINDER;include/rapidjson/cursorstreamwrapper.h;REMAINDER;CONTAINS
REMAINDER::CodeComponent;REMAINDER;include/rapidjson/document.h;REMAINDER;CONTAINS
REMAINDER::CodeComponent;REMAINDER;include/rapidjson/encodedstream.h;REMAINDER;CONTAINS
REMAINDER::CodeComponent;REMAINDER;include/rapidjson/encodings.h;REMAINDER;CONTAINS
REMAINDER::CodeComponent;REMAINDER;include/rapidjson/error/en.h;REMAINDER;CONTAINS
REMAINDER::CodeComponent;REMAINDER;include/rapidjson/error/error.h;REMAINDER;CONTAINS
REMAINDER::CodeComponent;REMAINDER;include/rapidjson/filereadstream.h;REMAINDER;CONTAINS
REMAINDER::CodeComponent;REMAINDER;include/rapidjson/filewritestream.h;REMAINDER;CONTAINS
REMAINDER::CodeComponent;REMAINDER;include/rapidjson/fwd.h;REMAINDER;CONTAINS
REMAINDER::CodeComponent;REMAINDER;include/rapidjson/internal/biginteger.h;REMAINDER;CONTAINS
REMAINDER::CodeComponent;REMAINDER;include/rapidjson/internal/diyfp.h;REMAINDER;CONTAINS
REMAINDER::CodeComponent;REMAINDER;include/rapidjson/internal/dtoa.h;REMAINDER;CONTAINS
REMAINDER::CodeComponent;REMAINDER;include/rapidjson/internal/ieee754.h;REMAINDER;CONTAINS
REMAINDER::CodeComponent;REMAINDER;include/rapidjson/internal/itoa.h;REMAINDER;CONTAINS
REMAINDER::CodeComponent;REMAINDER;include/rapidjson/internal/meta.h;REMAINDER;CONTAINS
REMAINDER::CodeComponent;REMAINDER;include/rapidjson/internal/pow10.h;REMAINDER;CONTAINS
REMAINDER::CodeComponent;REMAINDER;include/rapidjson/internal/regex.h;REMAINDER;CONTAINS
REMAINDER::CodeComponent;REMAINDER;include/rapidjson/internal/stack.h;REMAINDER;CONTAINS
REMAINDER::CodeComponent;REMAINDER;include/rapidjson/internal/strfunc.h;REMAINDER;CONTAINS
REMAINDER::CodeComponent;REMAINDER;include/rapidjson/internal/strtod.h;REMAINDER;CONTAINS
REMAINDER::CodeComponent;REMAINDER;include/rapidjson/internal/swap.h;REMAINDER;CONTAINS
REMAINDER::CodeComponent;REMAINDER;include/rapidjson/istreamwrapper.h;REMAINDER;CONTAINS
REMAINDER::CodeComponent;REMAINDER;include/rapidjson/memorybuffer.h;REMAINDER;CONTAINS
REMAINDER::CodeComponent;REMAINDER;include/rapidjson/memorystream.h;REMAINDER;CONTAINS
REMAINDER::CodeComponent;REMAINDER;include/rapidjson/msinttypes/inttypes.h;REMAINDER;CONTAINS
REMAINDER::CodeComponent;REMAINDER;include/rapidjson/msinttypes/stdint.h;REMAINDER;CONTAINS
REMAINDER::CodeComponent;REMAINDER;include/rapidjson/ostreamwrapper.h;REMAINDER;CONTAINS
REMAINDER::CodeComponent;REMAINDER;include/rapidjson/pointer.h;REMAINDER;CONTAINS
REMAINDER::CodeComponent;REMAINDER;include/rapidjson/prettywriter.h;REMAINDER;CONTAINS
REMAINDER::CodeComponent;REMAINDER;include/rapidjson/rapidjson.h;REMAINDER;CONTAINS
REMAINDER::CodeComponent;REMAINDER;include/rapidjson/reader.h;REMAINDER;CONTAINS
REMAINDER::CodeComponent;REMAINDER;include/rapidjson/schema.h;REMAINDER;CONTAINS
REMAINDER::CodeComponent;REMAINDER;include/rapidjson/stream.h;REMAINDER;CONTAINS
REMAINDER::CodeComponent;REMAINDER;include/rapidjson/stringbuffer.h;REMAINDER;CONTAINS
REMAINDER::CodeComponent;REMAINDER;include/rapidjson/writer.h;REMAINDER;CONTAINS
REMAINDER::CodeComponent;REMAINDER;include_dirs.js;REMAINDER;CONTAINS
REMAINDER::CodeComponent;REMAINDER;package.json;REMAINDER;CONTAINS
include/rapidjson/allocators.h;REMAINDER;include/rapidjson/rapidjson.h;REMAINDER;CODE_CALL
include/rapidjson/cursorstreamwrapper.h;REMAINDER;include/rapidjson/stream.h;REMAINDER;CODE_CALL
include/rapidjson/document.h;REMAINDER;include/rapidjson/encodedstream.h;REMAINDER;CODE_CALL
include/rapidjson/document.h;REMAINDER;include/rapidjson/internal/meta.h;REMAINDER;CODE_CALL
include/rapidjson/document.h;REMAINDER;include/rapidjson/internal/strfunc.h;REMAINDER;CODE_CALL
include/rapidjson/document.h;REMAINDER;include/rapidjson/memorystream.h;REMAINDER;CODE_CALL
include/rapidjson/document.h;REMAINDER;include/rapidjson/reader.h;REMAINDER;CODE_CALL
include/rapidjson/encodedstream.h;REMAINDER;include/rapidjson/memorystream.h;REMAINDER;CODE_CALL
include/rapidjson/encodedstream.h;REMAINDER;include/rapidjson/stream.h;REMAINDER;CODE_CALL
include/rapidjson/encodings.h;REMAINDER;include/rapidjson/rapidjson.h;REMAINDER;CODE_CALL
include/rapidjson/error/en.h;REMAINDER;include/rapidjson/error/error.h;REMAINDER;CODE_CALL
include/rapidjson/error/error.h;REMAINDER;include/rapidjson/rapidjson.h;REMAINDER;CODE_CALL
include/rapidjson/filereadstream.h;REMAINDER;include/rapidjson/stream.h;REMAINDER;CODE_CALL
include/rapidjson/filewritestream.h;REMAINDER;include/rapidjson/stream.h;REMAINDER;CODE_CALL
include/rapidjson/fwd.h;REMAINDER;include/rapidjson/rapidjson.h;REMAINDER;CODE_CALL
include/rapidjson/internal/biginteger.h;REMAINDER;include/rapidjson/rapidjson.h;REMAINDER;CODE_CALL
include/rapidjson/internal/diyfp.h;REMAINDER;include/rapidjson/rapidjson.h;REMAINDER;CODE_CALL
include/rapidjson/internal/dtoa.h;REMAINDER;include/rapidjson/internal/diyfp.h;REMAINDER;CODE_CALL
include/rapidjson/internal/dtoa.h;REMAINDER;include/rapidjson/internal/ieee754.h;REMAINDER;CODE_CALL
include/rapidjson/internal/dtoa.h;REMAINDER;include/rapidjson/internal/itoa.h;REMAINDER;CODE_CALL
include/rapidjson/internal/ieee754.h;REMAINDER;include/rapidjson/rapidjson.h;REMAINDER;CODE_CALL
include/rapidjson/internal/itoa.h;REMAINDER;include/rapidjson/rapidjson.h;REMAINDER;CODE_CALL
include/rapidjson/internal/meta.h;REMAINDER;include/rapidjson/rapidjson.h;REMAINDER;CODE_CALL
include/rapidjson/internal/pow10.h;REMAINDER;include/rapidjson/rapidjson.h;REMAINDER;CODE_CALL
include/rapidjson/internal/regex.h;REMAINDER;include/rapidjson/allocators.h;REMAINDER;CODE_CALL
include/rapidjson/internal/regex.h;REMAINDER;include/rapidjson/internal/stack.h;REMAINDER;CODE_CALL
include/rapidjson/internal/regex.h;REMAINDER;include/rapidjson/stream.h;REMAINDER;CODE_CALL
include/rapidjson/internal/stack.h;REMAINDER;include/rapidjson/allocators.h;REMAINDER;CODE_CALL
include/rapidjson/internal/stack.h;REMAINDER;include/rapidjson/internal/swap.h;REMAINDER;CODE_CALL
include/rapidjson/internal/strfunc.h;REMAINDER;include/rapidjson/stream.h;REMAINDER;CODE_CALL
include/rapidjson/internal/strtod.h;REMAINDER;include/rapidjson/internal/biginteger.h;REMAINDER;CODE_CALL
include/rapidjson/internal/strtod.h;REMAINDER;include/rapidjson/internal/diyfp.h;REMAINDER;CODE_CALL
include/rapidjson/internal/strtod.h;REMAINDER;include/rapidjson/internal/ieee754.h;REMAINDER;CODE_CALL
include/rapidjson/internal/strtod.h;REMAINDER;include/rapidjson/internal/pow10.h;REMAINDER;CODE_CALL
include/rapidjson/internal/swap.h;REMAINDER;include/rapidjson/rapidjson.h;REMAINDER;CODE_CALL
include/rapidjson/istreamwrapper.h;REMAINDER;include/rapidjson/stream.h;REMAINDER;CODE_CALL
include/rapidjson/memorybuffer.h;REMAINDER;include/rapidjson/internal/stack.h;REMAINDER;CODE_CALL
include/rapidjson/memorybuffer.h;REMAINDER;include/rapidjson/stream.h;REMAINDER;CODE_CALL
include/rapidjson/memorystream.h;REMAINDER;include/rapidjson/stream.h;REMAINDER;CODE_CALL
include/rapidjson/msinttypes/inttypes.h;REMAINDER;include/rapidjson/msinttypes/stdint.h;REMAINDER;CODE_CALL
include/rapidjson/ostreamwrapper.h;REMAINDER;include/rapidjson/stream.h;REMAINDER;CODE_CALL
include/rapidjson/pointer.h;REMAINDER;include/rapidjson/document.h;REMAINDER;CODE_CALL
include/rapidjson/pointer.h;REMAINDER;include/rapidjson/internal/itoa.h;REMAINDER;CODE_CALL
include/rapidjson/prettywriter.h;REMAINDER;include/rapidjson/writer.h;REMAINDER;CODE_CALL
include/rapidjson/rapidjson.h;REMAINDER;include/rapidjson/msinttypes/inttypes.h;REMAINDER;CODE_CALL
include/rapidjson/rapidjson.h;REMAINDER;include/rapidjson/msinttypes/inttypes.h;REMAINDER;CODE_CALL
include/rapidjson/rapidjson.h;REMAINDER;include/rapidjson/msinttypes/stdint.h;REMAINDER;CODE_CALL
include/rapidjson/rapidjson.h;REMAINDER;include/rapidjson/msinttypes/stdint.h;REMAINDER;CODE_CALL
include/rapidjson/reader.h;REMAINDER;include/rapidjson/allocators.h;REMAINDER;CODE_CALL
include/rapidjson/reader.h;REMAINDER;include/rapidjson/encodedstream.h;REMAINDER;CODE_CALL
include/rapidjson/reader.h;REMAINDER;include/rapidjson/error/error.h;REMAINDER;CODE_CALL
include/rapidjson/reader.h;REMAINDER;include/rapidjson/error/error.h;REMAINDER;CODE_CALL
include/rapidjson/reader.h;REMAINDER;include/rapidjson/internal/meta.h;REMAINDER;CODE_CALL
include/rapidjson/reader.h;REMAINDER;include/rapidjson/internal/stack.h;REMAINDER;CODE_CALL
include/rapidjson/reader.h;REMAINDER;include/rapidjson/internal/strtod.h;REMAINDER;CODE_CALL
include/rapidjson/reader.h;REMAINDER;include/rapidjson/stream.h;REMAINDER;CODE_CALL
include/rapidjson/schema.h;REMAINDER;include/rapidjson/document.h;REMAINDER;CODE_CALL
include/rapidjson/schema.h;REMAINDER;include/rapidjson/internal/regex.h;REMAINDER;CODE_CALL
include/rapidjson/schema.h;REMAINDER;include/rapidjson/pointer.h;REMAINDER;CODE_CALL
include/rapidjson/schema.h;REMAINDER;include/rapidjson/stringbuffer.h;REMAINDER;CODE_CALL
include/rapidjson/stream.h;REMAINDER;include/rapidjson/encodings.h;REMAINDER;CODE_CALL
include/rapidjson/stream.h;REMAINDER;include/rapidjson/rapidjson.h;REMAINDER;CODE_CALL
include/rapidjson/stringbuffer.h;REMAINDER;include/rapidjson/internal/stack.h;REMAINDER;CODE_CALL
include/rapidjson/stringbuffer.h;REMAINDER;include/rapidjson/internal/stack.h;REMAINDER;CODE_CALL
include/rapidjson/stringbuffer.h;REMAINDER;include/rapidjson/stream.h;REMAINDER;CODE_CALL
include/rapidjson/writer.h;REMAINDER;include/rapidjson/internal/dtoa.h;REMAINDER;CODE_CALL
include/rapidjson/writer.h;REMAINDER;include/rapidjson/internal/itoa.h;REMAINDER;CODE_CALL
include/rapidjson/writer.h;REMAINDER;include/rapidjson/internal/meta.h;REMAINDER;CODE_CALL
include/rapidjson/writer.h;REMAINDER;include/rapidjson/internal/stack.h;REMAINDER;CODE_CALL
include/rapidjson/writer.h;REMAINDER;include/rapidjson/internal/strfunc.h;REMAINDER;CODE_CALL
include/rapidjson/writer.h;REMAINDER;include/rapidjson/stream.h;REMAINDER;CODE_CALL
include/rapidjson/writer.h;REMAINDER;include/rapidjson/stringbuffer.h;REMAINDER;CODE_CALL
